Workbook

Sheet Бисекция
A1: f(x) = x^3 - x - 1
A2: a = | B2: 1 | D2: n ≥ log2((b−a)/ε) = | F2: =LOG((B3-B2)/B4,2) -> 13.287712
A3: b = | B3: 2 | D3: Число итераций n = | F3: =ROUNDUP(F2,0) -> 14
A4: eps = | B4: 0.0001
A5: f(a) = | B5: =B2^3-B2-1 -> -1 | D5: f(a)·f(b) = | F5: =B5*B6 -> -5
A6: f(b) = | B6: =B3^3-B3-1 -> 5 | D6: Корень на [a, b]: | F6: =IF(F5<0,"есть (знаки разные)","нет — выберите другой отрезок") -> есть (знаки разные)
A8: Итерация | B8: a | C8: b | D8: c = (a+b)/2 | E8: f(c) | F8: f(a)·f(c) | G8: b − a | H8: |f(c)| | I8: Остановка (b−a)/2 < ε
A9: 1 | B9: =$B$2 -> 1 | C9: =$B$3 -> 2 | D9: =(B9+C9)/2 -> 1.5 | E9: =D9^3-D9-1 -> 0.875 | F9: =E9*($B$5) -> -0.875 | G9: =C9-B9 -> 1 | H9: =ABS(E9) -> 0.875 | I9: =IF(G9/2<$B$4,"да","нет") -> нет
A10: =A9+1 -> 2 | B10: =IF(F9<0,B9,D9) -> 1 | C10: =IF(F9<0,D9,C9) -> 1.5 | D10: =(B10+C10)/2 -> 1.25 | E10: =D10^3-D10-1 -> -0.296875 | F10: =E10*($B$5) -> 0.296875 | G10: =C10-B10 -> 0.5 | H10: =ABS(E10) -> 0.296875 | I10: =IF(G10/2<$B$4,"да","нет") -> нет
A11: =A10+1 -> 3 | B11: =IF(F10<0,B10,D10) -> 1.25 | C11: =IF(F10<0,D10,C10) -> 1.5 | D11: =(B11+C11)/2 -> 1.375 | E11: =D11^3-D11-1 -> 0.22460938 | F11: =E11*($B$5) -> -0.22460938 | G11: =C11-B11 -> 0.25 | H11: =ABS(E11) -> 0.22460938 | I11: =IF(G11/2<$B$4,"да","нет") -> нет
A12: =A11+1 -> 4 | B12: =IF(F11<0,B11,D11) -> 1.25 | C12: =IF(F11<0,D11,C11) -> 1.375 | D12: =(B12+C12)/2 -> 1.3125 | E12: =D12^3-D12-1 -> -0.051513672 | F12: =E12*($B$5) -> 0.051513672 | G12: =C12-B12 -> 0.125 | H12: =ABS(E12) -> 0.051513672 | I12: =IF(G12/2<$B$4,"да","нет") -> нет
A13: =A12+1 -> 5 | B13: =IF(F12<0,B12,D12) -> 1.3125 | C13: =IF(F12<0,D12,C12) -> 1.375 | D13: =(B13+C13)/2 -> 1.34375 | E13: =D13^3-D13-1 -> 0.082611084 | F13: =E13*($B$5) -> -0.082611084 | G13: =C13-B13 -> 0.0625 | H13: =ABS(E13) -> 0.082611084 | I13: =IF(G13/2<$B$4,"да","нет") -> нет
A14: =A13+1 -> 6 | B14: =IF(F13<0,B13,D13) -> 1.3125 | C14: =IF(F13<0,D13,C13) -> 1.34375 | D14: =(B14+C14)/2 -> 1.328125 | E14: =D14^3-D14-1 -> 0.014575958 | F14: =E14*($B$5) -> -0.014575958 | G14: =C14-B14 -> 0.03125 | H14: =ABS(E14) -> 0.014575958 | I14: =IF(G14/2<$B$4,"да","нет") -> нет
A15: =A14+1 -> 7 | B15: =IF(F14<0,B14,D14) -> 1.3125 | C15: =IF(F14<0,D14,C14) -> 1.328125 | D15: =(B15+C15)/2 -> 1.3203125 | E15: =D15^3-D15-1 -> -0.018710613 | F15: =E15*($B$5) -> 0.018710613 | G15: =C15-B15 -> 0.015625 | H15: =ABS(E15) -> 0.018710613 | I15: =IF(G15/2<$B$4,"да","нет") -> нет
A16: =A15+1 -> 8 | B16: =IF(F15<0,B15,D15) -> 1.3203125 | C16: =IF(F15<0,D15,C15) -> 1.328125 | D16: =(B16+C16)/2 -> 1.3242188 | E16: =D16^3-D16-1 -> -0.0021279454 | F16: =E16*($B$5) -> 0.0021279454 | G16: =C16-B16 -> 0.0078125 | H16: =ABS(E16) -> 0.0021279454 | I16: =IF(G16/2<$B$4,"да","нет") -> нет
A17: =A16+1 -> 9 | B17: =IF(F16<0,B16,D16) -> 1.3242188 | C17: =IF(F16<0,D16,C16) -> 1.328125 | D17: =(B17+C17)/2 -> 1.3261719 | E17: =D17^3-D17-1 -> 0.0062088296 | F17: =E17*($B$5) -> -0.0062088296 | G17: =C17-B17 -> 0.00390625 | H17: =ABS(E17) -> 0.0062088296 | I17: =IF(G17/2<$B$4,"да","нет") -> нет
A18: =A17+1 -> 10 | B18: =IF(F17<0,B17,D17) -> 1.3242188 | C18: =IF(F17<0,D17,C17) -> 1.3261719 | D18: =(B18+C18)/2 -> 1.3251953 | E18: =D18^3-D18-1 -> 0.0020366507 | F18: =E18*($B$5) -> -0.0020366507 | G18: =C18-B18 -> 0.001953125 | H18: =ABS(E18) -> 0.0020366507 | I18: =IF(G18/2<$B$4,"да","нет") -> нет
A19: =A18+1 -> 11 | B19: =IF(F18<0,B18,D18) -> 1.3242188 | C19: =IF(F18<0,D18,C18) -> 1.3251953 | D19: =(B19+C19)/2 -> 1.324707 | E19: =D19^3-D19-1 -> -4.6594883e-05 | F19: =E19*($B$5) -> 4.6594883e-05 | G19: =C19-B19 -> 0.0009765625 | H19: =ABS(E19) -> 4.6594883e-05 | I19: =IF(G19/2<$B$4,"да","нет") -> нет
A20: =A19+1 -> 12 | B20: =IF(F19<0,B19,D19) -> 1.324707 | C20: =IF(F19<0,D19,C19) -> 1.3251953 | D20: =(B20+C20)/2 -> 1.3249512 | E20: =D20^3-D20-1 -> 0.00099479097 | F20: =E20*($B$5) -> -0.00099479097 | G20: =C20-B20 -> 0.00048828125 | H20: =ABS(E20) -> 0.00099479097 | I20: =IF(G20/2<$B$4,"да","нет") -> нет
A21: =A20+1 -> 13 | B21: =IF(F20<0,B20,D20) -> 1.324707 | C21: =IF(F20<0,D20,C20) -> 1.3249512 | D21: =(B21+C21)/2 -> 1.3248291 | E21: =D21^3-D21-1 -> 0.00047403882 | F21: =E21*($B$5) -> -0.00047403882 | G21: =C21-B21 -> 0.00024414062 | H21: =ABS(E21) -> 0.00047403882 | I21: =IF(G21/2<$B$4,"да","нет") -> нет
... A24: =A23+1 -> 16 | B24: =IF(F23<0,B23,D23) -> 1.324707 | C24: =IF(F23<0,D23,C23) -> 1.3247375 | D24: =(B24+C24)/2 -> 1.3247223 | E24: =D24^3-D24-1 -> 1.8477852e-05 | F24: =E24*($B$5) -> -1.8477852e-05 | G24: =C24-B24 -> 3.0517578e-05 | H24: =ABS(E24) -> 1.8477852e-05 | I24: =IF(G24/2<$B$4,"да","нет") -> да
A27: Результат
A28: Корень x* ≈ | B28: =INDEX(D9:D24,MATCH("да",I9:I24,0)) -> 1.3247681
A29: Число итераций | B29: =INDEX(A9:A24,MATCH("да",I9:I24,0)) -> 14
A30: Невязка |f(x*)| | B30: =INDEX(H9:H24,MATCH("да",I9:I24,0)) -> 0.00021370716
A32: Строка остановки выделена зелёным. Критерий: (b−a)/2 < ε (погрешность середины отрезка не превосходит половины его длины).
D33: =INDEX(A9:A24,MATCH(TRUE(),INDEX(H9:H24<$B$4,0),0)) -> 11

Sheet Простая итерация
A1: f(x) = x^3 - x - 1 | B1: φ(x) = (x+1)^(1/3)
A2: x0 = | B2: 1.5
A3: eps = | B3: 0.0001
A4: φ'(x0) = | B4: =1/(3*(B2+1)^(2/3)) -> 0.18096117
A5: max|φ'(x)| на [1; 2] = | B5: =1/(3*(1+1)^(2/3)) -> 0.20998684 | C5: (φ'(x) убывает, максимум в x = 1: q)
A6: q < 1 ? | B6: =IF(B5<1,"условие сходимости выполнено","НЕ выполнено") -> условие сходимости выполнено
A8: n | B8: x_n | C8: x_{n+1} = φ(x_n) | D8: |x_{n+1} − x_n| | E8: f(x_{n+1}) | F8: Остановка |Δ| < ε
A9: 0 | B9: =$B$2 -> 1.5 | C9: =(B9+1)^(1/3) -> 1.3572088 | D9: =ABS(C9-B9) -> 0.14279119 | E9: =C9^3-C9-1 -> 0.14279119 | F9: =IF(D9<$B$3,"да","нет") -> нет
A10: =A9+1 -> 1 | B10: =C9 -> 1.3572088 | C10: =(B10+1)^(1/3) -> 1.330861 | D10: =ABS(C10-B10) -> 0.026347849 | E10: =C10^3-C10-1 -> 0.026347849 | F10: =IF(D10<$B$3,"да","нет") -> нет
A11: =A10+1 -> 2 | B11: =C10 -> 1.330861 | C11: =(B11+1)^(1/3) -> 1.3258838 | D11: =ABS(C11-B11) -> 0.0049771846 | E11: =C11^3-C11-1 -> 0.0049771846 | F11: =IF(D11<$B$3,"да","нет") -> нет
A12: =A11+1 -> 3 | B12: =C11 -> 1.3258838 | C12: =(B12+1)^(1/3) -> 1.3249394 | D12: =ABS(C12-B12) -> 0.00094441083 | E12: =C12^3-C12-1 -> 0.00094441083 | F12: =IF(D12<$B$3,"да","нет") -> нет
A13: =A12+1 -> 4 | B13: =C12 -> 1.3249394 | C13: =(B13+1)^(1/3) -> 1.32476 | D13: =ABS(C13-B13) -> 0.00017935211 | E13: =C13^3-C13-1 -> 0.00017935211 | F13: =IF(D13<$B$3,"да","нет") -> нет
A14: =A13+1 -> 5 | B14: =C13 -> 1.32476 | C14: =(B14+1)^(1/3) -> 1.3247259 | D14: =ABS(C14-B14) -> 3.4066066e-05 | E14: =C14^3-C14-1 -> 3.4066066e-05 | F14: =IF(D14<$B$3,"да","нет") -> да
A15: =A14+1 -> 6 | B15: =C14 -> 1.3247259 | C15: =(B15+1)^(1/3) -> 1.3247195 | D15: =ABS(C15-B15) -> 6.4706925e-06 | E15: =C15^3-C15-1 -> 6.4706925e-06 | F15: =IF(D15<$B$3,"да","нет") -> да
A16: =A15+1 -> 7 | B16: =C15 -> 1.3247195 | C16: =(B16+1)^(1/3) -> 1.3247182 | D16: =ABS(C16-B16) -> 1.2290854e-06 | E16: =C16^3-C16-1 -> 1.2290854e-06 | F16: =IF(D16<$B$3,"да","нет") -> да
A17: =A16+1 -> 8 | B17: =C16 -> 1.3247182 | C17: =(B17+1)^(1/3) -> 1.324718 | D17: =ABS(C17-B17) -> 2.3346074e-07 | E17: =C17^3-C17-1 -> 2.3346074e-07 | F17: =IF(D17<$B$3,"да","нет") -> да
A18: =A17+1 -> 9 | B18: =C17 -> 1.324718 | C18: =(B18+1)^(1/3) -> 1.324718 | D18: =ABS(C18-B18) -> 4.434511e-08 | E18: =C18^3-C18-1 -> 4.434511e-08 | F18: =IF(D18<$B$3,"да","нет") -> да
A21: Результат
A22: Корень x* ≈ | B22: =INDEX(C9:C18,MATCH("да",F9:F18,0)) -> 1.3247259
A23: Число итераций | B23: =INDEX(A9:A18,MATCH("да",F9:F18,0))+1 -> 6
A24: Невязка |f(x*)| | B24: =ABS(INDEX(E9:E18,MATCH("да",F9:F18,0))) -> 3.4066066e-05
A26: Условие сходимости: |φ'(x)| ≤ q < 1 на [1; 2] и φ([1; 2]) ⊂ [1; 2]. Критерий остановки: |x_{n+1} − x_n| < ε.

Sheet Ньютон
A1: f(x) = x^3 - x - 1 | B1: f'(x) = 3x^2 - 1
A2: x0 = | B2: 2
A3: eps = | B3: 0.0001
A4: f''(x) = 6x | B4: =6*B2 -> 12
A5: f(x0)·f''(x0) = | B5: =(B2^3-B2-1)*B4 -> 60 | C5: > 0 — правило Фурье выполнено
A6: k | B6: x_k | C6: f(x_k) | D6: f'(x_k) | E6: x_{k+1} | F6: |x_{k+1} − x_k| | G6: f(x_{k+1}) | H6: Остановка |Δ| < ε
A7: 0 | B7: =$B$2 -> 2 | C7: =B7^3-B7-1 -> 5 | D7: =3*B7^2-1 -> 11 | E7: =B7-C7/D7 -> 1.5454545 | F7: =ABS(E7-B7) -> 0.45454545 | G7: =E7^3-E7-1 -> 1.1457551 | H7: =IF(F7<$B$3,"да","нет") -> нет
A8: =A7+1 -> 1 | B8: =E7 -> 1.5454545 | C8: =B8^3-B8-1 -> 1.1457551 | D8: =3*B8^2-1 -> 6.1652893 | E8: =B8-C8/D8 -> 1.3596149 | F8: =ABS(E8-B8) -> 0.18583963 | G8: =E8^3-E8-1 -> 0.15370493 | H8: =IF(F8<$B$3,"да","нет") -> нет
A9: =A8+1 -> 2 | B9: =E8 -> 1.3596149 | C9: =B9^3-B9-1 -> 0.15370493 | D9: =3*B9^2-1 -> 4.5456582 | E9: =B9-C9/D9 -> 1.3258013 | F9: =ABS(E9-B9) -> 0.033813571 | G9: =E9^3-E9-1 -> 0.004624917 | H9: =IF(F9<$B$3,"да","нет") -> нет
A10: =A9+1 -> 3 | B10: =E9 -> 1.3258013 | C10: =B10^3-B10-1 -> 0.004624917 | D10: =3*B10^2-1 -> 4.2732476 | E10: =B10-C10/D10 -> 1.324719 | F10: =ABS(E10-B10) -> 0.0010822956 | G10: =E10^3-E10-1 -> 4.6577191e-06 | H10: =IF(F10<$B$3,"да","нет") -> нет
A11: =A10+1 -> 4 | B11: =E10 -> 1.324719 | C11: =B11^3-B11-1 -> 4.6577191e-06 | D11: =3*B11^2-1 -> 4.2646417 | E11: =B11-C11/D11 -> 1.324718 | F11: =ABS(E11-B11) -> 1.0921713e-06 | G11: =E11^3-E11-1 -> 4.7404303e-12 | H11: =IF(F11<$B$3,"да","нет") -> да
A12: =A11+1 -> 5 | B12: =E11 -> 1.324718 | C12: =B12^3-B12-1 -> 4.7404303e-12 | D12: =3*B12^2-1 -> 4.264633 | E12: =B12-C12/D12 -> 1.324718 | F12: =ABS(E12-B12) -> 1.1115553e-12 | G12: =E12^3-E12-1 -> 0 | H12: =IF(F12<$B$3,"да","нет") -> да
A13: =A12+1 -> 6 | B13: =E12 -> 1.324718 | C13: =B13^3-B13-1 -> 0 | D13: =3*B13^2-1 -> 4.264633 | E13: =B13-C13/D13 -> 1.324718 | F13: =ABS(E13-B13) -> 0 | G13: =E13^3-E13-1 -> 0 | H13: =IF(F13<$B$3,"да","нет") -> да
A14: =A13+1 -> 7 | B14: =E13 -> 1.324718 | C14: =B14^3-B14-1 -> 0 | D14: =3*B14^2-1 -> 4.264633 | E14: =B14-C14/D14 -> 1.324718 | F14: =ABS(E14-B14) -> 0 | G14: =E14^3-E14-1 -> 0 | H14: =IF(F14<$B$3,"да","нет") -> да
A17: Результат
A18: Корень x* ≈ | B18: =INDEX(E7:E14,MATCH("да",H7:H14,0)) -> 1.324718
A19: Число итераций | B19: =INDEX(A7:A14,MATCH("да",H7:H14,0))+1 -> 5
A20: Невязка |f(x*)| | B20: =ABS(INDEX(G7:G14,MATCH("да",H7:H14,0))) -> 4.7404303e-12
A22: Строка остановки выделена зелёным. Критерий: |x_{k+1} − x_k| < ε. Дальнейшие строки показывают, что значения уже не меняются (предел машинной точности).

Sheet Секущие
A1: f(x) = x^3 - x - 1
A2: x0 = | B2: 1
A3: x1 = | B3: 2
A4: eps = | B4: 0.0001
A6: k | B6: x_k | C6: f(x_k) | D6: x_k − x_{k−1} | E6: f(x_k) − f(x_{k−1}) | F6: x_{k+1} | G6: |x_{k+1} − x_k| | H6: f(x_{k+1}) | I6: Остановка |Δ| < ε
A7: 0 | B7: =$B$2 -> 1 | C7: =B7^3-B7-1 -> -1
A8: =A7+1 -> 1 | B8: =$B$3 -> 2 | C8: =B8^3-B8-1 -> 5 | D8: =B8-B7 -> 1 | E8: =C8-C7 -> 6 | F8: =IF(E8=0,B8,B8-C8*D8/E8) -> 1.1666667 | G8: =ABS(F8-B8) -> 0.83333333 | H8: =F8^3-F8-1 -> -0.5787037 | I8: =IF(G8<$B$4,"да","нет") -> нет
A9: =A8+1 -> 2 | B9: =F8 -> 1.1666667 | C9: =B9^3-B9-1 -> -0.5787037 | D9: =B9-B8 -> -0.83333333 | E9: =C9-C8 -> -5.5787037 | F9: =IF(E9=0,B9,B9-C9*D9/E9) -> 1.253112 | G9: =ABS(F9-B9) -> 0.086445367 | H9: =F9^3-F9-1 -> -0.28536303 | I9: =IF(G9<$B$4,"да","нет") -> нет
A10: =A9+1 -> 3 | B10: =F9 -> 1.253112 | C10: =B10^3-B10-1 -> -0.28536303 | D10: =B10-B9 -> 0.086445367 | E10: =C10-C9 -> 0.29334067 | F10: =IF(E10=0,B10,B10-C10*D10/E10) -> 1.3372064 | G10: =ABS(F10-B10) -> 0.084094413 | H10: =F10^3-F10-1 -> 0.053880587 | I10: =IF(G10<$B$4,"да","нет") -> нет
A11: =A10+1 -> 4 | B11: =F10 -> 1.3372064 | C11: =B11^3-B11-1 -> 0.053880587 | D11: =B11-B10 -> 0.084094413 | E11: =C11-C10 -> 0.33924362 | F11: =IF(E11=0,B11,B11-C11*D11/E11) -> 1.3238501 | G11: =ABS(F11-B11) -> 0.013356349 | H11: =F11^3-F11-1 -> -0.0036981154 | I11: =IF(G11<$B$4,"да","нет") -> нет
A12: =A11+1 -> 5 | B12: =F11 -> 1.3238501 | C12: =B12^3-B12-1 -> -0.0036981154 | D12: =B12-B11 -> -0.013356349 | E12: =C12-C11 -> -0.057578702 | F12: =IF(E12=0,B12,B12-C12*D12/E12) -> 1.3247079 | G12: =ABS(F12-B12) -> 0.00085784014 | H12: =F12^3-F12-1 -> -4.2734263e-05 | I12: =IF(G12<$B$4,"да","нет") -> нет
A13: =A12+1 -> 6 | B13: =F12 -> 1.3247079 | C13: =B13^3-B13-1 -> -4.2734263e-05 | D13: =B13-B12 -> 0.00085784014 | E13: =C13-C12 -> 0.0036553812 | F13: =IF(E13=0,B13,B13-C13*D13/E13) -> 1.324718 | G13: =ABS(F13-B13) -> 1.0028822e-05 | H13: =F13^3-F13-1 -> 3.4582215e-08 | I13: =IF(G13<$B$4,"да","нет") -> да
A14: =A13+1 -> 7 | B14: =F13 -> 1.324718 | C14: =B14^3-B14-1 -> 3.4582215e-08 | D14: =B14-B13 -> 1.0028822e-05 | E14: =C14-C13 -> 4.2768845e-05 | F14: =IF(E14=0,B14,B14-C14*D14/E14) -> 1.324718 | G14: =ABS(F14-B14) -> 8.1091474e-09 | H14: =F14^3-F14-1 -> -3.2285286e-13 | I14: =IF(G14<$B$4,"да","нет") -> да
A15: =A14+1 -> 8 | B15: =F14 -> 1.324718 | C15: =B15^3-B15-1 -> -3.2285286e-13 | D15: =B15-B14 -> -8.1091474e-09 | E15: =C15-C14 -> -3.4582538e-08 | F15: =IF(E15=0,B15,B15-C15*D15/E15) -> 1.324718 | G15: =ABS(F15-B15) -> 7.571721e-14 | H15: =F15^3-F15-1 -> 0 | I15: =IF(G15<$B$4,"да","нет") -> да
A16: =A15+1 -> 9 | B16: =F15 -> 1.324718 | C16: =B16^3-B16-1 -> 0 | D16: =B16-B15 -> 7.571721e-14 | E16: =C16-C15 -> 3.2285286e-13 | F16: =IF(E16=0,B16,B16-C16*D16/E16) -> 1.324718 | G16: =ABS(F16-B16) -> 0 | H16: =F16^3-F16-1 -> 0 | I16: =IF(G16<$B$4,"да","нет") -> да
A19: Результат
A20: Корень x* ≈ | B20: =INDEX(F8:F16,MATCH("да",I8:I16,0)) -> 1.324718
A21: Число итераций | B21: =INDEX(A8:A16,MATCH("да",I8:I16,0)) -> 6
A22: Невязка |f(x*)| | B22: =ABS(INDEX(H8:H16,MATCH("да",I8:I16,0))) -> 3.4582215e-08

Sheet Сравнение
A1: Сравнение методов: f(x) = x^3 − x − 1 = 0, отрезок [1; 2], ε = 0,0001
A2: Точный корень (для оценки погрешности): | E2: 1.324718 | F2: Справочное значение (пластическое число), введено вручную.
A4: Метод | B4: Итерационная формула | C4: Начальные данные | D4: Число итераций | E4: Корень | F4: Невязка |f(x*)| | G4: Погрешность |x* − x_точн|
A5: Бисекция | B5: c = (a + b)/2 | C5: [1; 2] | D5: =Бисекция!B29 -> 14 | E5: =Бисекция!B28 -> 1.3247681 | F5: =Бисекция!B30 -> 0.00021370716 | G5: =ABS(E5-$E$2) -> 5.0109161e-05
A6: Простая итерация | B6: x_{n+1} = (x_n + 1)^(1/3) | C6: x0 = 1,5 | D6: ='Простая итерация'!B23 -> 6 | E6: ='Простая итерация'!B22 -> 1.3247259 | F6: ='Простая итерация'!B24 -> 3.4066066e-05 | G6: =ABS(E6-$E$2) -> 7.9879821e-06
A7: Ньютон | B7: x_{k+1} = x_k − f(x_k)/f'(x_k) | C7: x0 = 2 | D7: =Ньютон!B19 -> 5 | E7: =Ньютон!B18 -> 1.324718 | F7: =Ньютон!B20 -> 4.7404303e-12 | G7: =ABS(E7-$E$2) -> 1.1075585e-12
A8: Секущие | B8: x_{k+1} = x_k − f(x_k)(x_k − x_{k−1})/(f(x_k) − f(x_{k−1})) | C8: x0 = 1, x1 = 2 | D8: =Секущие!B21 -> 6 | E8: =Секущие!B20 -> 1.324718 | F8: =Секущие!B22 -> 3.4582215e-08 | G8: =ABS(E8-$E$2) -> 8.1090676e-09
